k,theta,sigma,v0,rho,T,Strike,Price
0.834194,0.761812,0.335327,0.045103,-0.188042,1.407593,1.150391,0.367374
0.878667,0.188599,0.806157,0.583599,-0.277954,1.583537,0.869922,0.211354
0.566392,0.346753,0.903804,0.247231,-0.346597,1.087524,0.726172,0.075500
0.343062,0.118394,0.474546,0.366040,-0.777788,0.393107,0.873047,0.084452
0.255083,0.646860,0.790688,0.382241,-0.809692,0.984578,0.723828,0.103044
0.408804,0.784956,0.745249,0.656890,-0.348530,0.217163,1.131641,0.230678
0.985015,0.478677,0.853530,0.308950,-0.786489,1.379517,0.787891,0.150320
0.735581,0.204028,0.839995,0.090620,-0.550591,0.632690,1.010547,0.098458
0.478413,0.588999,0.189341,0.187056,-0.132935,1.858683,1.127734,0.385240
0.931841,0.042017,0.734614,0.582827,-0.389136,1.411336,1.103516,0.313155
0.221245,0.312808,0.550923,0.752554,-0.301157,1.903605,0.732422,0.234355
0.477446,0.351382,0.268618,0.503364,-0.709146,0.099243,0.746484,0.009292
0.106196,0.350610,0.641802,0.123794,-0.454878,1.108114,1.048047,0.157231
0.572192,0.614458,0.243481,0.515708,-0.730415,1.701457,0.900391,0.297288
0.067524,0.443188,0.546089,0.688521,-0.504185,1.237264,1.222266,0.482316
0.808091,0.197085,0.749116,0.143081,-0.341763,1.862427,1.176953,0.307603
0.331460,0.561997,0.766519,0.055132,-0.641470,1.649048,1.301172,0.368204
0.256050,0.694692,0.774253,0.354468,-0.877368,1.106242,1.299609,0.408011
0.787788,0.077505,0.487114,0.349067,-0.223813,1.038859,0.812109,0.104547
0.299556,0.134595,0.504517,0.485620,-0.798091,1.424438,1.095703,0.332579
0.332427,0.561226,0.628267,0.691606,-0.304058,1.894246,0.718359,0.221606
0.485181,0.611372,0.520952,0.720151,-0.016919,0.992065,1.311328,0.542262
0.370132,0.757954,0.367231,0.222544,-0.247983,1.081909,0.766797,0.105737
0.491948,0.656890,0.191274,0.105278,-0.517720,1.605998,0.657422,0.085360
0.340161,0.540396,0.433940,0.054360,-0.219946,0.773071,0.644922,0.009830
0.546089,0.625259,0.591528,0.570483,-0.824194,0.688843,0.655078,0.079170
0.103296,0.173940,0.713345,0.205571,-0.494517,0.471720,0.716797,0.024779
0.472612,0.401528,0.087827,0.781870,-0.457778,0.084269,1.090234,0.157163
0.941509,0.228716,0.567358,0.793442,-0.072026,1.939168,1.216797,0.518322
0.860298,0.566626,0.410737,0.161597,-0.830962,0.735636,0.744922,0.061181
0.443608,0.750239,0.044321,0.343667,-0.473247,1.467489,0.712891,0.148585
0.728813,0.507222,0.174839,0.028901,-0.116499,1.759481,1.226953,0.407286
0.837095,0.487163,0.342095,0.464019,-0.839663,1.093140,1.203516,0.404480
0.960845,0.470190,0.907671,0.447817,-0.218013,0.913452,1.380078,0.508219
0.334360,0.749468,0.272485,0.527280,-0.741050,1.738892,1.337891,0.611503
0.290854,0.778784,0.498716,0.639146,-0.699478,1.574178,0.666797,0.174831
0.911538,0.321294,0.978247,0.033530,-0.456812,0.647664,0.859766,0.041558
0.141968,0.278862,0.558657,0.139995,-0.782622,0.091756,0.847266,0.005099
0.894136,0.242603,0.775220,0.505679,-0.592163,1.491821,0.893359,0.209517
0.057856,0.210200,0.847729,0.191685,-0.113599,1.147420,0.674609,0.041735
0.633101,0.605200,0.593462,0.600571,-0.567026,1.252238,1.225391,0.468446
0.413638,0.485620,0.854497,0.622944,-0.251851,0.679484,1.378516,0.506963
0.743315,0.407700,0.974380,0.447046,-0.070093,1.643433,0.931641,0.259433
0.770386,0.484077,0.344028,0.200942,-0.350464,0.183472,0.920703,0.043930
0.143901,0.564312,0.099429,0.596714,-0.684976,1.664022,1.349609,0.631811
0.079126,0.732495,0.423306,0.189370,-0.833862,1.095011,1.326953,0.386096
0.193208,0.362954,0.683374,0.654575,-0.267319,0.190959,1.154297,0.237223
0.749116,0.277319,0.496782,0.510308,-0.194810,1.828735,1.015234,0.330747
0.690142,0.122251,0.839028,0.487935,-0.951812,1.576050,0.858984,0.172708
0.210610,0.336724,0.317925,0.712437,-0.127134,0.245239,1.363672,0.425892
0.890269,0.541167,0.137134,0.137681,-0.631802,0.808634,1.321484,0.401869
0.713345,0.616772,0.425239,0.279634,-0.529321,0.615845,0.823828,0.092624
0.117798,0.519565,0.956011,0.512622,-0.981782,0.213420,1.076172,0.168322
0.680474,0.165454,0.286987,0.541938,-0.962446,1.533000,1.334766,0.517581
0.020151,0.305864,0.175806,0.380698,-0.492583,1.967244,0.663672,0.137384
0.483247,0.156968,0.595396,0.670776,-0.566060,1.884888,1.269141,0.517278
0.490015,0.778013,0.935708,0.345210,-0.368833,1.345825,1.140234,0.366197
0.224146,0.430073,0.547056,0.440103,-0.472280,0.978963,1.344922,0.478850
0.533521,0.349839,0.438774,0.412329,-0.359165,1.132446,1.011328,0.260697
0.944409,0.568169,0.435874,0.309722,-0.932476,1.074422,0.628516,0.076707
0.942476,0.317437,0.450376,0.480220,-0.480015,0.408081,1.025391,0.182156
0.956978,0.639146,0.753950,0.171626,-0.721714,0.267700,1.270703,0.284958
0.380767,0.781099,0.170972,0.070562,-0.196743,1.669637,0.807422,0.146059
0.363364,0.543481,0.559624,0.242603,-0.351431,0.286418,1.323828,0.344058
0.650503,0.248774,0.537388,0.435474,-0.563159,0.975220,1.395703,0.501938
0.162271,0.345981,0.527720,0.288892,-0.099097,1.613485,1.048828,0.284369
0.775220,0.707808,0.842896,0.593628,-0.416206,0.606486,0.800391,0.127418
0.790688,0.089077,0.503550,0.458618,-0.878335,1.171753,1.115234,0.293808
0.207710,0.177798,0.153569,0.704722,-0.385269,1.518026,1.233203,0.537698
0.013384,0.710122,0.731714,0.467104,-0.413306,1.795044,0.641797,0.127914
0.873833,0.074419,0.834194,0.207114,-0.948911,1.534871,0.716016,0.060307
0.777153,0.224087,0.816792,0.634517,-0.593130,1.896118,0.777734,0.190482
0.683374,0.358325,0.852563,0.396128,-0.048823,0.864787,0.921484,0.171700
0.918306,0.423130,0.432974,0.743296,-0.179341,0.368774,1.272266,0.385243
0.671772,0.792671,0.956978,0.026587,-0.936343,0.312622,0.675391,0.004779
0.201909,0.240288,0.674673,0.146167,-0.206411,1.568563,1.313672,0.391142
0.536421,0.213286,0.179673,0.346753,-0.684009,1.104370,0.810547,0.127682
0.463911,0.261118,0.049155,0.729409,-0.318560,1.819377,1.149609,0.497836
0.222212,0.465562,0.412671,0.133052,-0.498384,1.832479,1.044922,0.241399
0.220278,0.693149,0.117798,0.489478,-0.128101,0.400594,1.198828,0.308791
0.786821,0.437017,0.808091,0.734810,-0.708179,1.387004,1.037109,0.345279
0.946343,0.701636,0.927007,0.367583,-0.647271,1.068807,0.887891,0.198503
0.085894,0.679263,0.970513,0.528052,-0.598931,0.889119,0.641016,0.085089
0.674673,0.464790,0.809058,0.571255,-0.375601,0.503540,1.192578,0.324934
0.758784,0.288892,0.549956,0.320522,-0.242183,1.519897,0.794141,0.144194
0.589595,0.497192,0.758784,0.708579,-0.988550,0.314494,0.879297,0.118728
0.277319,0.142310,0.506450,0.112222,-0.022720,1.854940,0.619141,0.029746
0.953110,0.372983,0.456177,0.265747,-0.785522,0.189087,1.398828,0.403426
0.929907,0.287349,0.985015,0.124565,-0.533188,0.763713,0.706641,0.033562
0.112964,0.155425,0.475513,0.595942,-0.217046,1.291545,1.098828,0.384661
0.134233,0.050503,0.119731,0.069790,-0.518687,1.555461,1.233984,0.282372
0.130366,0.725552,0.868032,0.255718,-0.260552,0.720662,1.263672,0.339548
0.431040,0.025044,0.354663,0.016558,-0.354331,0.174113,1.237109,0.237113
0.080093,0.666147,0.728813,0.775698,-0.895737,0.892863,1.065234,0.333734
0.095562,0.327466,0.572192,0.454761,-0.532222,0.578410,0.683203,0.058462
0.976313,0.450903,0.451343,0.782642,-0.792290,1.821248,1.294922,0.586002
0.128433,0.055132,0.170005,0.581284,-0.290522,0.323853,1.167578,0.278850
0.074292,0.747153,0.056890,0.710122,-0.012085,0.112345,1.364453,0.386939
0.271519,0.451675,0.389468,0.653032,-0.229614,1.853068,1.132422,0.485669
0.600229,0.295835,0.021118,0.540396,-0.162905,1.909220,0.755859,0.201683
0.827427,0.173169,0.347896,0.372983,-0.200610,1.944784,0.923047,0.230368
0.724946,0.643774,0.671772,0.120708,-0.084595,1.817505,0.979297,0.286064
0.273452,0.738667,0.560591,0.390728,-0.980815,0.232137,1.037891,0.139390
0.912505,0.499507,0.719146,0.491792,-0.308892,0.642049,0.762891,0.097471
0.145835,0.342124,0.657271,0.732495,-0.031421,1.197957,1.236328,0.509945
0.123599,0.200171,0.943442,0.233345,-0.800024,0.557821,0.959766,0.107941
0.360464,0.439331,0.666938,0.676948,-0.276021,1.358927,1.258203,0.515715
0.760718,0.534995,0.684341,0.241060,-0.545757,1.078166,1.069141,0.261349
0.805190,0.568940,0.063657,0.784185,-0.432642,1.607869,0.988672,0.392101
0.614731,0.521880,0.832261,0.433159,-0.428774,1.445028,0.954297,0.262327
0.454243,0.534224,0.344995,0.043560,-0.164839,1.248494,0.843359,0.094339
0.178706,0.121479,0.502583,0.778784,-0.331128,1.525513,1.046484,0.406090
0.323726,0.551196,0.462944,0.163911,-0.553491,0.524129,1.294141,0.326548
0.793589,0.076733,0.148735,0.221772,-0.803892,1.763224,1.061328,0.237821
0.062690,0.626802,0.252183,0.112993,-0.623101,1.868042,0.985547,0.183466
0.630200,0.556597,0.331460,0.460933,-0.167739,1.057576,0.771484,0.147915
0.374966,0.539624,0.654370,0.655347,-0.493550,0.241496,0.783203,0.058701
0.764585,0.597485,0.448442,0.339038,-0.082661,1.916707,0.852734,0.260792
0.993716,0.575112,0.013384,0.755640,-0.293423,0.230265,1.123828,0.241914
0.378833,0.508765,0.221245,0.524194,-0.365933,0.123576,0.793359,0.022682
0.326626,0.377612,0.345962,0.234888,-0.767153,1.158651,1.133203,0.285856
0.977280,0.405386,0.636968,0.425444,-0.849331,0.138550,0.955859,0.073950
0.212544,0.129966,0.837095,0.116851,-0.008218,0.157267,0.890234,0.013699
0.961812,0.789585,0.727847,0.389185,-0.326294,1.684611,0.998047,0.363157
0.983081,0.214829,0.705610,0.531138,-0.075894,0.114217,0.842578,0.031374
0.571226,0.531138,0.422339,0.731724,-0.510952,0.617716,1.030078,0.271261
0.093628,0.771841,0.176772,0.636060,-0.790356,1.746379,0.992578,0.388268
0.541255,0.529595,0.330493,0.523423,-0.098130,1.959757,1.215234,0.538035
0.780054,0.308950,0.676606,0.257261,-0.419106,1.426310,0.870703,0.160424
0.412671,0.039702,0.183540,0.258032,-0.700444,1.478719,0.787109,0.105060
0.499683,0.229487,0.235747,0.273462,-0.143569,1.585409,1.166016,0.358589
0.420405,0.056675,0.294722,0.387642,-0.564126,0.756226,0.812891,0.102972
0.050122,0.685435,0.260884,0.480991,-0.827095,1.531128,0.941016,0.283881
0.456177,0.663833,0.481313,0.547339,-0.507085,1.804403,0.633203,0.159585
0.731714,0.378384,0.030786,0.722466,-0.041089,0.789917,0.609766,0.077091
0.556724,0.659976,0.917339,0.258804,-0.821294,1.123088,1.172266,0.315509
0.917339,0.278091,0.704644,0.524966,-0.724614,1.823120,1.168359,0.401132
0.537388,0.445503,0.043354,0.433931,-0.893804,0.801147,1.005859,0.235232
0.885435,0.791128,0.866099,0.095249,-0.468413,0.645793,0.866016,0.091408
0.069458,0.264976,0.394302,0.558140,-0.736216,0.754354,1.080078,0.293433
0.105229,0.104507,0.781987,0.146938,-0.621167,1.982218,1.087891,0.188211
0.493882,0.416187,0.965679,0.720923,-0.237349,0.239624,1.312109,0.377720
0.206743,0.633745,0.186440,0.315122,-0.541890,1.781942,1.199609,0.442407
0.306323,0.496421,0.772319,0.355239,-0.471313,1.128703,0.756641,0.116023
0.181606,0.626030,0.231880,0.074419,-0.455845,0.724406,1.184766,0.230637
0.635034,0.325151,0.402036,0.421587,-0.626968,0.102987,1.331641,0.339153
0.099429,0.766440,0.359497,0.542710,-0.764253,0.434285,1.256641,0.359602
0.034653,0.699321,0.678540,0.657661,-0.214146,1.912964,1.353516,0.646227
0.727847,0.448589,0.160337,0.066704,-0.502251,0.106730,1.235547,0.235828
0.407837,0.217915,0.074292,0.194771,-0.330161,1.012655,1.159766,0.280475
0.997583,0.383784,0.039487,0.398442,-0.298257,1.020142,0.692578,0.089513
0.384634,0.722466,0.720112,0.231802,-0.668540,0.628947,0.719141,0.050319
0.811958,0.348296,0.143901,0.051274,-0.409438,0.851685,0.695703,0.021505
0.523853,0.332095,0.773286,0.671548,-0.033354,1.222290,1.064453,0.356767
0.315024,0.516479,0.233813,0.643003,-0.787456,1.265340,0.831641,0.230895
0.336294,0.675405,0.916372,0.707036,-0.434575,1.226034,1.088672,0.380417
0.677573,0.503364,0.379800,0.025815,-0.843530,1.705200,1.024609,0.242386
0.494849,0.570483,0.299556,0.206343,-0.465513,1.055705,1.208203,0.348258
0.726880,0.036616,0.721079,0.779556,-0.865767,1.542358,0.757422,0.171327
0.239614,0.080591,0.755884,0.150796,-0.254751,0.527873,1.394141,0.408773
0.339194,0.615229,0.859331,0.477905,-0.484849,1.431925,0.925391,0.250041
0.534487,0.178569,0.649536,0.393813,-0.152271,0.359416,0.960547,0.121431
0.213511,0.767212,0.660171,0.141538,-0.079761,0.634562,1.083203,0.178543
0.696909,0.379155,0.886401,0.440874,-0.270220,0.234009,1.308984,0.344714
0.037554,0.781870,0.248315,0.303550,-0.259585,1.216675,0.841797,0.150750
0.205776,0.572798,0.439741,0.452446,-0.752651,0.788045,1.249609,0.389516
0.248315,0.454761,0.349829,0.758726,-0.039155,0.243368,0.683984,0.035770
0.876733,0.413872,0.563491,0.326694,-0.664673,1.246623,1.130078,0.327082
0.286021,0.518794,0.861265,0.592856,-0.964380,1.954142,0.819141,0.231398
0.388501,0.092935,0.632134,0.496421,-0.613433,1.166138,0.773828,0.138283
0.229946,0.107593,0.241548,0.474048,-0.674341,1.446899,0.926953,0.249391
0.645669,0.335952,0.230913,0.330552,-0.414272,1.241007,0.676172,0.086383
0.376899,0.370669,0.579927,0.179341,-0.024653,1.504924,0.667578,0.063303
0.628267,0.329780,0.098462,0.727095,-0.451978,0.391235,1.265234,0.385159
0.875767,0.578198,0.053022,0.228716,-0.396870,1.946655,0.790234,0.213536
0.910571,0.622944,0.328560,0.558911,-0.822261,0.627075,1.116797,0.304643
0.236714,0.690063,0.786821,0.227173,-0.828062,0.825480,1.205859,0.282184
0.138101,0.727866,0.880601,0.684663,-0.469380,0.089884,0.607422,0.002425
0.270552,0.151567,0.637935,0.781099,-0.675308,1.489950,1.247266,0.510602
0.886401,0.313579,0.019185,0.545796,-0.862866,0.759969,0.714453,0.090769
0.971479,0.794214,0.594429,0.341353,-0.910239,0.121704,1.384766,0.387928
0.297622,0.660747,0.130366,0.079048,-0.309858,0.898478,0.693359,0.026500
0.836128,0.686978,0.706577,0.397671,-0.387202,1.600382,0.991797,0.329156
0.305356,0.183970,0.873833,0.177026,-0.435542,0.585897,1.126953,0.188846
0.031753,0.720151,0.482280,0.315894,-0.334028,1.562948,0.659766,0.095121
0.471646,0.678491,0.872866,0.545024,-0.249917,1.469360,1.062109,0.369608
0.432007,0.319751,0.769419,0.144624,-0.560259,1.295288,0.976172,0.154899
0.291821,0.592856,0.121665,0.707808,-0.426841,0.960246,0.715234,0.150169
0.540288,0.166226,0.172905,0.150024,-0.957612,0.664510,0.873828,0.067525
0.562524,0.040474,0.747183,0.011929,-0.044956,0.819865,0.741797,0.002549
0.903804,0.443960,0.188374,0.733267,-0.568960,0.134806,0.913672,0.080033
0.736548,0.250317,0.552856,0.697778,-0.977915,0.119832,1.287891,0.315758
0.015317,0.066704,0.237681,0.466333,-0.311792,0.389364,1.091797,0.224284
0.906704,0.599028,0.740415,0.617544,-0.142603,0.812378,0.894922,0.205804
0.278286,0.153110,0.334360,0.553511,-0.921841,0.890991,1.019922,0.265629
0.024019,0.565083,0.770386,0.240288,-0.771021,1.523641,0.742578,0.094821
0.058823,0.558140,0.618599,0.065161,-0.588296,1.164266,0.631641,0.017144
0.373999,0.768755,0.495815,0.498735,-0.679175,1.065063,1.316797,0.496361
0.191274,0.359097,0.083960,0.441646,-0.235415,0.883504,0.855859,0.160458
0.436841,0.444731,0.127466,0.584370,-0.447144,0.222778,0.608203,0.010902
0.817759,0.664604,0.122632,0.342124,-0.442310,1.589152,1.001953,0.337857
0.194175,0.528052,0.156470,0.567397,-0.805825,1.179240,0.813672,0.200214
0.453276,0.512622,0.257983,0.438560,-0.014019,0.496053,1.287109,0.384918
0.601196,0.607515,0.659204,0.263433,-0.645337,0.924683,0.918359,0.165084
0.202876,0.463247,0.182573,0.578970,-0.286655,1.976603,0.784766,0.255153
0.672739,0.771069,0.217378,0.345981,-0.544790,1.624715,0.686328,0.161606
0.104263,0.619858,0.922173,0.125337,-0.043989,1.274699,1.345703,0.408259
0.073325,0.097563,0.499683,0.237202,-0.125200,1.712687,1.267578,0.409168
0.904771,0.507993,0.415571,0.029673,-0.399771,1.723918,1.077734,0.305867
0.874800,0.415415,0.323726,0.128423,-0.027554,0.853556,0.963672,0.146780
0.165171,0.207886,0.540288,0.427759,-0.581528,1.134318,1.264453,0.419419
0.927974,0.202485,0.822593,0.091392,-0.150337,0.147909,0.708984,0.000360
0.232847,0.055903,0.673706,0.413872,-0.635669,1.499308,0.820703,0.161760
0.055923,0.744067,0.612798,0.551196,-0.610532,1.510539,1.255078,0.485920
0.153569,0.312036,0.613765,0.329009,-0.215112,0.986450,1.201953,0.343380
0.379800,0.702407,0.578960,0.561997,-0.749751,1.267212,1.350391,0.547427
0.902837,0.098335,0.896069,0.508765,-0.230581,0.894735,0.841016,0.131784
0.668872,0.475591,0.357563,0.166226,-0.863833,1.761353,1.043359,0.292181
0.226079,0.565854,0.253149,0.768755,-0.681108,1.540487,1.107422,0.467813
0.275386,0.428530,0.265718,0.750239,-0.269253,0.832967,0.929297,0.253533
0.629233,0.491021,0.958911,0.757954,-0.565093,1.632202,0.791797,0.229699
0.023052,0.429302,0.195142,0.767983,-0.678208,1.239136,1.153516,0.472005
0.087827,0.736353,0.689175,0.209429,-0.778755,1.188599,0.951172,0.155873
0.227046,0.256489,0.048188,0.159282,-0.403638,1.471232,1.193359,0.326915
0.276353,0.193228,0.857397,0.175483,-0.258618,1.066935,1.180859,0.263345
0.019185,0.384556,0.685308,0.436245,-0.734282,0.715047,1.357422,0.438815
0.081060,0.236431,0.052056,0.286577,-0.274087,1.347697,0.864453,0.164482
0.555757,0.059761,0.744282,0.763354,-0.745884,0.703817,0.652734,0.087601
0.980181,0.596714,0.788755,0.357554,-0.072993,1.619100,0.626172,0.119399
0.701743,0.099878,0.815825,0.270376,-0.814526,1.737020,1.062891,0.214303
0.137134,0.537310,0.446509,0.494878,-0.176440,0.855428,1.008984,0.255722
0.692075,0.450132,0.690142,0.085220,-0.313726,1.596639,0.788672,0.116004
0.397202,0.016558,0.489048,0.416958,-0.789390,1.194214,1.196484,0.349034
0.865132,0.667690,0.682407,0.770298,-0.766187,0.847941,1.080859,0.341804
0.192241,0.060532,0.069458,0.403071,-0.774888,0.666382,0.869141,0.127724
0.651470,0.673091,0.102329,0.681577,-0.583462,0.973348,0.769922,0.177380
0.792622,0.252632,0.491948,0.702407,-0.931509,1.244751,0.991016,0.292229
0.510317,0.251860,0.961812,0.226401,-0.558325,0.250854,0.634766,0.005660
0.669839,0.264204,0.912505,0.625259,-0.317593,0.673869,0.600391,0.054915
0.101362,0.032759,0.453276,0.170083,-0.129067,0.625203,0.826172,0.048913
0.399136,0.355239,0.930874,0.747153,-0.872534,0.187215,1.042578,0.166776
0.519019,0.149253,0.680474,0.168540,-0.901538,1.594767,0.863672,0.110992
0.127466,0.757183,0.381733,0.756411,-0.160005,1.611613,1.112109,0.489576
0.047222,0.731724,0.986948,0.618315,-0.240249,1.401978,0.961328,0.291441
0.072358,0.498735,0.648569,0.799614,-0.271187,0.320109,0.953516,0.170086
0.324692,0.724780,0.582827,0.193228,-0.562192,0.499797,0.798828,0.049791
0.606030,0.793442,0.871899,0.098335,-0.655005,1.214803,1.002734,0.214805
0.474546,0.214058,0.079126,0.299692,-0.429741,0.346313,0.679297,0.014653
0.163237,0.139224,0.016284,0.165454,-0.970181,1.800659,1.128516,0.294991
0.480347,0.709351,0.686274,0.651489,-0.222847,1.838094,1.020703,0.412607
0.317925,0.069790,0.047222,0.202485,-0.915073,1.843709,1.041797,0.244154
0.122632,0.672319,0.694976,0.138452,-0.123267,0.207804,0.645703,0.000737
0.387534,0.589771,0.814858,0.709351,-0.339829,1.989705,0.630078,0.177999
0.389468,0.618315,0.024019,0.048960,-0.870601,1.416951,1.386328,0.476312
0.956011,0.691606,0.764585,0.384556,-0.880269,1.203573,1.208984,0.409336
0.573159,0.268062,0.614731,0.020415,-0.982749,1.675252,0.940234,0.118731
0.751050,0.479448,0.310190,0.426987,-0.516753,1.841838,1.219922,0.493579
0.715278,0.314351,0.698843,0.280405,-0.135835,0.200317,0.734766,0.010359
0.465845,0.436245,0.460044,0.660747,-0.858032,0.874146,0.823047,0.177640
0.552856,0.154653,0.687241,0.058989,-0.013052,1.879272,1.174609,0.265171
0.209644,0.779556,0.418472,0.741753,-0.394937,1.061320,0.994141,0.330127
0.799390,0.409243,0.836128,0.590542,-0.464546,1.628459,1.268359,0.501070
0.794556,0.234116,0.640835,0.166997,-0.218979,0.670125,0.754297,0.037195
0.045288,0.657661,0.164204,0.698550,-0.124233,1.443156,1.176172,0.508114
0.612798,0.180884,0.370132,0.246460,-0.717847,0.834839,0.902734,0.119631
0.286987,0.356011,0.510317,0.211743,-0.344663,0.589640,1.094922,0.195308
0.842896,0.379927,0.521919,0.483306,-0.547690,0.797404,1.166797,0.334582
0.383667,0.291978,0.486147,0.241831,-0.883169,0.211548,1.118359,0.160566
0.854497,0.410786,0.032720,0.010386,-0.096196,1.136190,1.291797,0.369619
0.934741,0.328237,0.149702,0.543481,-0.670474,0.467977,1.231641,0.345703
0.588628,0.576655,0.192241,0.182427,-0.043022,0.269572,1.333203,0.348424
0.693042,0.012700,0.234780,0.292749,-0.197710,1.662150,1.387109,0.486512
0.214478,0.251089,0.382700,0.611372,-0.652104,0.821737,0.677734,0.100395
0.882534,0.707036,0.803257,0.281177,-0.836763,1.856812,0.935547,0.292225
0.148735,0.237974,0.366265,0.716294,-0.393003,0.861043,0.654297,0.109394
0.225112,0.447817,0.405903,0.338267,-0.743950,0.445516,0.627734,0.022017
0.482280,0.201714,0.804224,0.777241,-0.437476,1.302775,1.032422,0.340039
0.539321,0.339038,0.669839,0.766440,-0.420073,0.686971,1.141016,0.351642
0.606997,0.274233,0.524819,0.555825,-0.695610,0.700073,1.045703,0.251339
0.525786,0.215601,0.777153,0.616772,-0.546724,0.879761,1.341797,0.478933
0.502583,0.623716,0.363364,0.481763,-0.696577,0.451131,1.019141,0.195057
0.469712,0.745610,0.095562,0.462476,-0.570894,1.168009,1.181641,0.427754
0.144868,0.135366,0.752017,0.394585,-0.649204,1.452515,0.662109,0.099522
0.785854,0.735581,0.046255,0.059761,-0.657905,1.338338,0.848047,0.167171
0.215444,0.307407,0.849663,0.474819,-0.030454,0.857300,0.803516,0.127971
0.183540,0.281177,0.564458,0.601343,-0.711079,0.385620,1.165234,0.286952
0.197075,0.101421,0.045288,0.224087,-0.349497,0.505412,0.912891,0.087301
0.800356,0.674634,0.862231,0.376841,-0.959546,0.831095,0.858203,0.151631
0.507417,0.656118,0.723979,0.637603,-0.496450,1.503052,1.086328,0.404338
0.157437,0.203257,0.947310,0.544253,-0.421040,1.392619,1.111328,0.347146
0.810991,0.390728,0.115864,0.614458,-0.356265,1.370158,0.897266,0.261555
0.315991,0.324380,0.638901,0.259575,-0.607632,1.033244,0.922266,0.150891
0.639868,0.413101,0.242515,0.062075,-0.976948,1.570435,0.862891,0.138137
0.963745,0.562769,0.741382,0.132280,-0.712046,1.877401,1.102734,0.355327
0.171938,0.774155,0.185474,0.521880,-0.899604,0.177856,0.783984,0.033710
0.373032,0.466333,0.771353,0.680806,-0.422007,0.786174,1.382422,0.530813
0.011450,0.469419,0.607964,0.724780,-0.751685,1.272827,1.355078,0.575518
0.365298,0.610601,0.694009,0.184741,-0.273120,0.235881,0.997266,0.083356
0.514185,0.043560,0.542222,0.502593,-0.408472,0.696330,0.604297,0.043847
0.913472,0.408472,0.865132,0.116079,-0.881235,1.645304,0.747266,0.111131
0.237681,0.435474,0.054956,0.025044,-0.680142,1.218547,1.005078,0.125566
0.609897,0.170083,0.080093,0.285034,-0.417173,0.338826,0.946484,0.092971
0.784888,0.605972,0.417505,0.213286,-0.158071,0.584025,0.930859,0.123932
0.611831,0.797300,0.123599,0.757183,-0.107798,1.050090,1.039453,0.372657
0.281187,0.538853,0.356597,0.791128,-0.165806,1.587280,0.698047,0.212422
0.102329,0.482534,0.622466,0.705493,-0.257651,0.838582,1.385547,0.561824
0.268618,0.033530,0.827427,0.071333,-0.619233,1.121216,1.157422,0.175977
0.061724,0.760269,0.266685,0.572026,-0.305024,1.007039,0.650391,0.106010
0.075259,0.303550,0.445542,0.724009,-0.156138,1.229777,0.669922,0.155759
0.922173,0.255718,0.211577,0.296606,-0.325327,0.559692,0.601172,0.016166
0.204810,0.170854,0.627300,0.728638,-0.742983,0.926554,0.740234,0.152035
0.779087,0.460933,0.577026,0.028130,-0.689810,1.169881,0.773047,0.072746
0.528687,0.513394,0.293755,0.683892,-0.131001,0.204061,1.361328,0.409414
0.372065,0.784185,0.263784,0.646089,-0.840630,1.005168,1.031641,0.330290
0.723979,0.035845,0.290854,0.232573,-0.401704,0.475464,0.968359,0.105054
0.032720,0.204800,0.256050,0.656118,-0.884136,1.319621,0.945703,0.308048
0.049155,0.079048,0.703677,0.204800,-0.352397,1.677124,1.144141,0.271748
0.406870,0.058218,0.312124,0.557368,-0.654038,1.456258,1.234766,0.453878
0.423306,0.258804,0.289888,0.359868,-0.758452,0.950887,1.369922,0.472334
0.964712,0.051274,0.144868,0.536538,-0.844497,0.372518,0.794922,0.067131
0.177739,0.782642,0.653403,0.509536,-0.144536,0.816121,0.729297,0.108332
0.849663,0.087534,0.781021,0.219458,-0.775854,0.904093,0.941797,0.113924
0.741382,0.550425,0.995649,0.468647,-0.643403,1.924194,1.014453,0.335175
0.294722,0.460161,0.209644,0.015015,-0.452944,0.142293,0.883984,0.000678
0.234780,0.494878,0.554790,0.383013,-0.101030,1.793172,1.383203,0.590365
0.816792,0.120708,0.635034,0.253403,-0.212212,1.486206,1.252734,0.367307
0.809058,0.431616,0.810991,0.484077,-0.783589,0.876017,1.123047,0.302703
0.802290,0.200942,0.291821,0.676177,-0.205444,1.211060,1.137109,0.392976
0.048188,0.659204,0.937642,0.495649,-0.908306,0.278931,1.295703,0.334367
0.632134,0.682349,0.097495,0.038931,-0.449077,1.323364,1.074609,0.270620
0.398169,0.133823,0.868999,0.541167,-0.193843,0.277059,1.269922,0.333193
0.948276,0.730952,0.336294,0.251089,-0.860933,1.126831,0.768359,0.141872
0.427173,0.371440,0.757817,0.519565,-0.552524,0.741252,0.976953,0.211336
0.449409,0.599800,0.212544,0.260347,-0.793257,0.185343,1.092578,0.145741
0.568325,0.492563,0.874800,0.236431,-0.097163,0.453003,1.096484,0.191076
0.682407,0.326694,0.110063,0.588228,-0.052690,0.660767,0.908984,0.180679
0.835161,0.473276,0.396235,0.172397,-0.395903,0.962118,0.829297,0.108741
0.647603,0.105278,0.408804,0.018872,-0.514819,1.343953,1.232422,0.250964
0.450376,0.067476,0.141001,0.588999,-0.556392,1.969116,0.640234,0.136666
0.551890,0.673862,0.812925,0.418501,-0.424907,1.328979,1.130859,0.372459
0.190308,0.481763,0.135200,0.477134,-0.659839,1.987834,0.933203,0.322606
0.464878,0.680806,0.954077,0.491021,-0.846431,1.999064,0.616016,0.143277
0.535454,0.116079,0.371099,0.465562,-0.986616,1.139933,1.051172,0.273294
0.111997,0.744839,0.805190,0.430073,-0.605698,1.695841,0.804297,0.187240
0.646636,0.047417,0.223179,0.256489,-0.513853,0.125448,1.087109,0.124174
0.587661,0.571255,0.257017,0.591313,-0.374634,1.813761,0.811328,0.263790
0.654370,0.421587,0.012417,0.797300,-0.922808,1.098755,1.119141,0.418437
0.981147,0.198628,0.619565,0.087534,-0.386235,0.587769,1.185547,0.219191
0.861265,0.234888,0.108130,0.210200,-0.543823,0.409953,0.717578,0.017337
0.877700,0.609058,0.226079,0.230259,-0.307925,1.765096,1.200391,0.467539
0.526753,0.292749,0.963745,0.734038,-0.438442,0.449259,1.337109,0.439191
0.575093,0.419272,0.403003,0.597485,-0.139702,0.342570,0.874609,0.109636
0.803257,0.733267,0.407837,0.093706,-0.312759,0.488566,0.697266,0.018460
0.091694,0.787271,0.442642,0.774927,-0.542856,1.023885,0.933984,0.289920
0.320825,0.147710,0.086860,0.659204,-0.252817,1.154907,0.850391,0.222773
0.404937,0.486392,0.113931,0.517251,-0.476147,0.846069,0.836328,0.163073
0.554790,0.180112,0.708511,0.437017,-0.947944,1.536743,1.275391,0.405521
0.375933,0.381470,0.966646,0.030444,-0.625034,0.381877,0.751172,0.006007
0.916372,0.501050,0.303423,0.776470,-0.894771,1.014526,0.828516,0.211846
0.729780,0.573569,0.165171,0.580513,-0.770054,0.209676,1.366016,0.404869
0.131333,0.034302,0.663071,0.154653,-0.866733,1.942912,0.688672,0.061247
0.022085,0.168540,0.304390,0.765669,-0.005317,1.036987,1.241797,0.513400
0.174839,0.140767,0.905737,0.690835,-0.765220,0.327596,0.620703,0.036179
0.346929,0.153882,0.658237,0.685435,-0.725581,0.836711,1.308203,0.465233
0.869966,0.310493,0.204810,0.358325,-0.859966,0.612101,1.117578,0.252691
0.257017,0.246460,0.891235,0.248003,-0.037222,0.462362,0.910547,0.082535
0.547056,0.071333,0.967612,0.109907,-0.611499,0.260213,1.143359,0.153857
0.932808,0.747925,0.819692,0.428530,-0.448110,0.303263,0.938672,0.114362
0.631167,0.474819,0.915405,0.786499,-0.323394,0.164754,0.860547,0.073473
0.839995,0.094478,0.801323,0.044331,-0.802925,0.544718,0.984766,0.050352
0.598296,0.608286,0.723013,0.190913,-0.001450,1.310262,0.817578,0.141516
0.756851,0.291206,0.763618,0.410786,-0.842563,0.301392,1.276953,0.315869
0.815825,0.394585,0.573159,0.478677,-0.327261,1.233521,1.219141,0.425266
0.684341,0.532681,0.670806,0.730181,-0.705278,0.387492,0.905078,0.150053
0.636968,0.594399,0.361431,0.585142,-0.811626,1.327108,1.316016,0.546319
0.021118,0.345210,0.385601,0.239517,-0.596030,0.237752,0.969141,0.078490
0.086860,0.010386,0.826460,0.565854,-0.189976,1.581665,1.026953,0.331525
0.381733,0.683892,0.193208,0.446274,-0.676274,0.540975,0.762109,0.081615
0.642769,0.017329,0.630200,0.335952,-0.742017,1.287801,0.891797,0.141320
0.016284,0.248003,0.796489,0.773384,-0.874468,1.514282,0.805859,0.242319
0.172905,0.703950,0.665972,0.053589,-0.818394,0.949015,1.228516,0.246529
0.242515,0.422358,0.985981,0.514937,-0.590229,1.482463,0.848828,0.200114
0.752983,0.762583,0.131333,0.403843,-0.209312,1.544230,0.815234,0.236507
0.154536,0.260347,0.733647,0.560454,-0.567993,0.555949,1.277734,0.389200
0.867065,0.119165,0.302456,0.109136,-0.032388,1.255981,0.867578,0.080974
0.687241,0.223315,0.132300,0.077505,-0.101997,0.194702,0.896484,0.013867
0.415571,0.671548,0.988882,0.703950,-0.904438,0.127319,0.827734,0.046621
0.626333,0.399214,0.843862,0.711665,-0.137769,1.796916,0.875391,0.286834
0.287954,0.332866,0.326626,0.686206,-0.208345,0.220907,0.849609,0.078778
0.060757,0.587456,0.094595,0.101421,-0.714946,1.480591,1.000391,0.166452
0.108130,0.487935,0.553823,0.442417,-0.653071,0.677612,1.369141,0.457109
0.663071,0.146938,0.449409,0.152339,-0.103931,0.988322,1.083984,0.198403
0.233813,0.483306,0.973413,0.453218,-0.062358,0.430542,0.882422,0.107571
0.615698,0.706265,0.887368,0.450132,-0.799058,0.701945,1.186328,0.325425
0.309224,0.100649,0.581860,0.340581,-0.949878,0.263957,1.392578,0.403333
0.120698,0.330552,0.109097,0.288120,-0.955679,1.048218,0.723047,0.081147
0.767485,0.458618,0.957944,0.404614,-0.204478,0.481079,1.288672,0.367500
0.151636,0.075962,0.364331,0.479448,-0.236382,0.417440,1.089453,0.228308
0.831294,0.641460,0.426206,0.227944,-0.573794,1.143677,1.142578,0.338990
0.185474,0.547339,0.441675,0.525737,-0.939243,0.295776,1.044141,0.178637
0.839028,0.038159,0.058823,0.788813,-0.945044,1.626587,0.799609,0.205623
0.470679,0.424673,0.295688,0.298149,-0.078794,0.426799,0.853516,0.072595
0.798423,0.493335,0.919272,0.730952,-0.119399,1.284058,0.983203,0.321575
0.504517,0.342896,0.269585,0.086763,-0.250884,0.224650,1.175391,0.186202
0.747183,0.363726,0.036587,0.727866,-0.184175,1.538615,0.833984,0.255654
0.300522,0.045874,0.722046,0.746382,-0.065259,0.293905,0.668359,0.038838
0.244448,0.777241,0.616665,0.533452,-0.122300,1.315877,0.830078,0.217881
0.557690,0.284263,0.305356,0.348296,-0.305991,0.486694,1.379297,0.433265
0.638901,0.369126,0.624399,0.556597,-0.772954,1.390747,0.872266,0.223301
0.567358,0.320522,0.201909,0.439331,-0.392036,1.690226,0.891016,0.245339
0.778120,0.680034,0.505483,0.635288,-0.003384,0.707560,1.085547,0.318344
0.675640,0.141538,0.926040,0.789585,-0.869634,1.190470,0.691797,0.136291
0.350796,0.592085,0.244448,0.284263,-0.278921,1.592896,1.329297,0.520906
0.940542,0.504907,0.697876,0.629116,-0.589263,0.881632,1.108203,0.334835
0.308257,0.127651,0.848696,0.318208,-0.648237,1.778198,0.705078,0.099888
0.565425,0.329009,0.715278,0.164683,-0.333062,0.404338,0.750391,0.020857
0.508384,0.044331,0.983081,0.798843,-0.852231,1.635946,0.766016,0.183991
0.889302,0.136909,0.077192,0.264204,-0.685942,1.205444,0.846484,0.118532
0.125532,0.544253,0.485181,0.068247,-0.784556,0.621460,1.279297,0.283938
0.014351,0.361411,0.609897,0.794214,-0.425874,1.961629,1.336328,0.664553
0.325659,0.774927,0.065591,0.359097,-0.574761,0.548462,1.344141,0.427033
0.769419,0.688521,0.596362,0.386870,-0.485815,1.654663,0.949609,0.305754
0.479380,0.554282,0.236714,0.261890,-0.658872,0.095500,0.866797,0.015853
0.856431,0.209429,0.152603,0.305093,-0.868667,1.160522,1.302734,0.422953
0.930874,0.652261,0.710444,0.612915,-0.141636,0.093628,1.360547,0.373120
0.825493,0.306636,0.611831,0.520337,-0.121333,0.383748,0.745703,0.055043
0.945376,0.670776,0.090728,0.215601,-0.935376,0.638306,0.898047,0.125607
0.167104,0.158511,0.507417,0.686978,-0.710112,0.248983,0.694922,0.037748
0.543188,0.585913,0.311157,0.650718,-0.378501,0.995809,0.733984,0.152898
0.159370,0.798071,0.111030,0.713208,-0.728481,0.162882,0.989453,0.129307
0.574126,0.029673,0.526753,0.774155,-0.059458,1.703328,0.637891,0.136991
0.989849,0.434702,0.404937,0.052046,-0.952778,0.971476,1.016016,0.171074
0.738481,0.636831,0.300522,0.401528,-0.599897,0.140422,0.758203,0.014081
0.591528,0.268833,0.901870,0.042017,-0.781655,0.726278,1.078516,0.118806
0.230913,0.546567,0.034653,0.566626,-0.029487,0.419312,0.691016,0.051415
0.610864,0.091392,0.820659,0.408472,-0.569927,1.521769,1.393359,0.486344
0.553823,0.601343,0.918306,0.585913,-0.973081,0.767456,0.698828,0.104387
0.857397,0.557368,0.147769,0.431616,-0.017886,0.340698,1.351953,0.408634
0.390435,0.037388,0.262817,0.459390,-0.713013,1.029500,1.066797,0.281301
0.662104,0.386870,0.200942,0.103735,-0.896704,1.890503,0.748828,0.119460
0.070425,0.286577,0.393335,0.295835,-0.847397,0.482951,1.079297,0.190996
0.461978,0.426216,0.664038,0.603657,-0.006284,1.242879,0.834766,0.212545
0.386567,0.129194,0.543188,0.723237,-0.806792,1.332723,1.217578,0.457439
0.040454,0.349067,0.434907,0.324380,-0.897671,1.192342,1.050391,0.253718
0.223179,0.253403,0.338228,0.243374,-0.336929,0.694458,1.034766,0.179758
0.033687,0.339810,0.606997,0.347524,-0.168706,0.862915,0.814453,0.111211
0.641802,0.403843,0.254116,0.490249,-0.170640,0.542847,0.851172,0.120180
0.179673,0.221001,0.082993,0.565083,-0.182241,0.920939,0.973047,0.257648
0.053022,0.024272,0.420405,0.058218,-0.050757,0.662638,1.161328,0.185937
0.096528,0.662290,0.702710,0.362954,-0.600864,1.100627,1.164453,0.325089
0.908638,0.549653,0.017251,0.633745,-0.487749,1.883016,1.134766,0.498464
0.759751,0.739438,0.580894,0.694692,-0.342729,1.729533,1.171484,0.526470
0.285054,0.164683,0.875767,0.046646,-0.489683,1.422567,0.752734,0.029081
0.272485,0.455532,0.467778,0.079819,-0.584429,0.151652,1.178516,0.180862
0.517085,0.185513,0.821626,0.683120,-0.411372,0.730021,0.958984,0.221601
0.160337,0.031987,0.392368,0.423901,-0.467446,1.441284,0.932422,0.235094
0.570259,0.316665,0.525786,0.201714,-0.186108,0.977091,0.737891,0.062490
0.900903,0.740210,0.346929,0.615229,-0.382368,1.130575,1.368359,0.594393
0.238647,0.412329,0.390435,0.377612,-0.703345,0.520386,0.942578,0.141313
0.984048,0.452446,0.167104,0.640688,-0.379468,1.051961,0.673047,0.118966
0.403970,0.555825,0.360464,0.443188,-0.238315,1.396362,1.320703,0.534496
0.059790,0.304321,0.914438,0.751782,-0.759419,1.501180,0.796484,0.225458
0.264751,0.536538,0.791655,0.785728,-0.942144,1.031372,0.700391,0.154225
0.771353,0.719380,0.340161,0.562769,-0.918940,0.518514,0.759766,0.095809
0.310190,0.335181,0.372065,0.337495,-0.460679,1.124959,0.970703,0.216333
0.342095,0.280405,0.557690,0.538081,-0.265386,1.325236,1.009766,0.303436
0.187407,0.318208,0.027886,0.463247,-0.086528,1.791300,0.665234,0.145675
0.527720,0.217144,0.343062,0.185513,-0.445210,1.970988,1.324609,0.453190
0.605063,0.207114,0.428140,0.736353,-0.466479,0.765584,1.180078,0.384247
0.124565,0.388413,0.292788,0.089077,-0.291489,1.547974,0.702734,0.042347
0.198042,0.365269,0.250249,0.493335,-0.112632,1.138062,1.322266,0.514448
0.823560,0.177026,0.953110,0.021958,-0.978882,0.537231,0.644141,0.004904
0.345962,0.795757,0.856431,0.017329,-0.971147,1.220418,1.040234,0.164336
0.965679,0.772612,0.925073,0.658433,-0.902505,0.657023,1.286328,0.426697
0.010483,0.206343,0.288921,0.692378,-0.335962,0.146037,0.720703,0.021646
0.066558,0.333638,0.981147,0.049731,-0.825161,1.212931,0.797266,0.028288
0.076226,0.143081,0.742349,0.207886,-0.481948,0.108602,0.894141,0.020275
0.982114,0.471733,0.910571,0.602114,-0.580562,0.567179,1.041016,0.235865
0.168071,0.114536,0.067524,0.499507,-0.920874,0.398722,0.770703,0.065967
0.720112,0.524966,0.950210,0.376069,-0.538022,0.980835,1.306641,0.427914
0.879634,0.791899,0.116831,0.237974,-0.746851,1.937297,1.122266,0.467896
0.967612,0.028901,0.712378,0.268062,-0.905405,0.447388,1.058984,0.147649
0.392368,0.179341,0.444575,0.097563,-0.071060,0.170369,1.399609,0.399952
0.455210,0.308179,0.376899,0.290435,-0.328228,1.546102,1.106641,0.322611
0.044321,0.311265,0.430073,0.248774,-0.042056,0.469849,0.724609,0.027117
0.043354,0.356782,0.899937,0.197856,-0.221880,0.333211,1.029297,0.112032
0.115864,0.148481,0.980181,0.131509,-0.092329,0.129191,0.774609,0.001947
0.228979,0.480220,0.399136,0.307407,-0.637603,1.282186,1.341016,0.470483
0.901870,0.090620,0.661138,0.127651,-0.002417,1.671509,1.248047,0.328923
0.082026,0.305093,0.647603,0.050503,-0.650171,0.363159,1.057422,0.079092
0.807124,0.690835,0.168071,0.032759,-0.248950,0.716919,1.147266,0.240591
0.881567,0.467104,0.096528,0.532681,-0.369800,0.215291,1.312891,0.357636
0.852563,0.698550,0.369165,0.598257,-0.638569,1.686483,0.730859,0.218174
0.656304,0.720923,0.964712,0.470190,-0.760386,0.421183,1.296484,0.363364
0.694009,0.315894,0.615698,0.104507,-0.597964,1.293416,1.125391,0.244787
0.314058,0.163911,0.325659,0.673091,-0.851265,0.597127,0.883203,0.170535
0.498716,0.640688,0.493882,0.639917,-0.028521,1.317749,1.280078,0.550598
0.943442,0.522651,0.207710,0.522651,-0.289556,0.290161,0.776953,0.053395
0.924106,0.545024,0.665005,0.092163,-0.917974,1.673381,1.257422,0.418008
0.083960,0.758726,0.177739,0.749468,-0.521587,1.692098,1.281641,0.625909
0.488081,0.397671,0.224146,0.546567,-0.861899,0.131063,1.214453,0.252349
0.437808,0.269604,0.076226,0.208657,-0.073960,0.935913,0.966016,0.159587
0.616665,0.244146,0.146802,0.119937,-0.393970,1.330851,0.602734,0.026086
0.395269,0.726323,0.738481,0.304321,-0.704312,1.957886,0.615234,0.121905
0.261851,0.647632,0.892202,0.599800,-0.642437,0.380005,0.755078,0.073530
0.304390,0.433159,0.271519,0.507993,-0.299224,0.153524,0.914453,0.068840
0.425239,0.752554,0.895103,0.094478,-0.038188,0.318237,1.158203,0.187825
0.569292,0.131509,0.656304,0.530366,-0.201577,1.688354,1.183203,0.416077
0.898970,0.730181,0.750083,0.363726,-0.753618,1.826864,0.617578,0.144049
0.855464,0.123794,0.761685,0.612144,-0.337896,0.859172,1.266797,0.414579
0.063657,0.231030,0.831294,0.568940,-0.701411,0.466105,0.680078,0.059836
0.991782,0.241060,0.072358,0.325151,-0.925708,0.804891,0.955078,0.167090
0.561558,0.132280,0.828394,0.429302,-0.482915,0.086141,0.801172,0.011914
0.990815,0.441646,0.286021,0.735581,-0.577661,0.849813,1.148828,0.381871
0.490981,0.023501,0.307290,0.642231,-0.953745,1.186727,0.701172,0.129472
0.846763,0.764126,0.447476,0.126108,-0.768120,1.776326,1.303516,0.531126
0.322759,0.382241,0.933774,0.764126,-0.233481,0.814250,1.152734,0.381787
0.401069,0.796528,0.386567,0.130737,-0.279888,0.595256,0.791016,0.047102
0.550923,0.751782,0.600229,0.576655,-0.537056,1.018270,1.114453,0.367215
0.347896,0.322065,0.968579,0.486392,-0.816460,1.847453,1.141797,0.349294
0.661138,0.302778,0.992749,0.100649,-0.511919,0.748739,0.844922,0.055686
0.691108,0.635288,0.316958,0.693149,-0.943110,1.551717,1.383984,0.649041
0.169038,0.018872,0.890269,0.754868,-0.903472,1.660278,0.964453,0.302996
0.243481,0.581284,0.308257,0.518794,-0.190942,0.887248,0.912109,0.211282
0.708511,0.751011,0.817759,0.174712,-0.023687,1.224162,1.108984,0.322643
0.258950,0.372212,0.228013,0.663062,-0.430708,1.117472,1.374609,0.588393
0.452310,0.684663,0.778120,0.183970,-0.185142,0.722534,0.822266,0.078767
0.824526,0.352925,0.050122,0.331323,-0.266353,0.613973,1.315234,0.400861
0.393335,0.273462,0.633101,0.531909,-0.051724,0.552205,0.990234,0.198709
0.156470,0.257261,0.332427,0.695464,-0.433608,1.254110,0.726953,0.179234
0.734614,0.446274,0.538354,0.628345,-0.303091,0.610229,0.764453,0.110019
0.506450,0.644546,0.421372,0.072876,-0.105864,0.514771,0.994922,0.102465
0.438774,0.354468,0.391401,0.497964,-0.835796,1.096883,0.611328,0.083067
0.161304,0.053589,0.555757,0.740210,-0.612466,0.705688,0.769141,0.142108
0.864165,0.569712,0.162271,0.423130,-0.630835,0.490438,0.639453,0.035177
0.909604,0.021958,0.124565,0.632974,-0.367866,1.433797,0.681641,0.108906
0.781987,0.489478,0.395269,0.450903,-0.575728,0.101115,1.274609,0.288375
0.757817,0.191685,0.960845,0.400757,-0.796157,1.697713,1.116016,0.291398
0.411704,0.137681,0.368198,0.223315,-0.885103,1.437541,0.962891,0.178216
0.958911,0.119937,0.014351,0.063618,-0.358198,1.184855,0.821484,0.047502
0.658237,0.089849,0.085894,0.555054,-0.138735,0.791789,0.903516,0.178583
0.282153,0.505679,0.904771,0.278091,-0.181274,1.886759,1.248828,0.434888
0.706577,0.461704,0.492915,0.725552,-0.384302,0.877889,1.282422,0.483488
0.111030,0.718608,0.285054,0.023501,-0.025620,1.085653,1.209766,0.247541
0.617632,0.150024,0.942476,0.113765,-0.969214,1.409465,1.273828,0.277148
0.820659,0.063618,0.668872,0.787271,-0.801958,1.735148,1.151172,0.395421
0.155503,0.045103,0.114897,0.318979,-0.060425,1.439412,1.151953,0.353882
0.109097,0.376069,0.928940,0.295063,-0.579595,0.937785,1.280859,0.353602
0.089761,0.497964,0.952144,0.203257,-0.241216,1.836222,0.687891,0.074547
0.560591,0.676948,0.443608,0.261118,-0.322427,1.693970,0.965234,0.289376
0.367231,0.681577,0.716245,0.379155,-0.687876,1.357056,0.892578,0.213272
0.429106,0.276548,0.802290,0.575112,-0.800991,1.109985,0.606641,0.089514
0.092661,0.018101,0.626333,0.604429,-0.054624,0.671997,0.669141,0.077602
0.518052,0.038931,0.240581,0.548110,-0.616333,1.016398,0.865234,0.178750
0.665005,0.086763,0.902837,0.761812,-0.407505,0.569051,0.998828,0.226709
0.939575,0.504136,0.651470,0.328237,-0.523521,1.076294,0.749609,0.116794
0.581860,0.538081,0.276353,0.754097,-0.491616,0.256470,1.187891,0.294537
0.812925,0.423901,0.807124,0.162368,-0.490649,0.353800,1.129297,0.178136
0.578960,0.126880,0.737515,0.783413,-0.888970,1.360799,0.876953,0.237343
0.511284,0.468647,0.042388,0.114536,-0.114565,0.428670,0.622266,0.002448
0.403003,0.182427,0.073325,0.136909,-0.946978,1.113729,1.139453,0.245649
0.377866,0.219458,0.941509,0.323608,-0.698511,0.226522,1.372266,0.380173
0.648569,0.143853,0.855464,0.349839,-0.535122,1.175496,0.728516,0.087109
0.843862,0.653804,0.735581,0.497192,-0.886069,1.263468,0.939453,0.262137
0.954077,0.742524,0.991782,0.269604,-0.480981,0.690715,1.148047,0.282941
0.327593,0.318979,0.128433,0.552739,-0.677241,1.413208,1.101172,0.390866
0.667905,0.125337,0.787788,0.678491,-0.058491,0.192830,1.305078,0.355883
0.544155,0.542710,0.776187,0.136138,-0.596997,1.630330,0.618359,0.072456
0.665972,0.084448,0.100396,0.102964,-0.913140,1.770711,1.380859,0.429402
0.732681,0.271147,0.997583,0.039702,-0.020786,1.881144,0.722266,0.061604
0.200942,0.383013,0.275386,0.368354,-0.928608,1.901733,1.391797,0.573924
0.426206,0.398442,0.075259,0.156196,-0.916040,0.335083,0.987109,0.088643
0.524819,0.108364,0.249282,0.629888,-0.737183,0.947144,0.877734,0.197527
0.266685,0.606743,0.911538,0.586685,-0.475181,0.565308,1.258984,0.383023
0.530620,0.632202,0.436841,0.106050,-0.018853,0.554077,0.648047,0.010052
0.053989,0.368354,0.151636,0.336724,-0.571860,1.368286,0.612891,0.073188
0.859331,0.582827,0.623433,0.180884,-0.898638,0.316366,1.387891,0.393791
0.703677,0.376841,0.424272,0.460161,-0.968247,1.025757,0.915234,0.202271
0.742349,0.247231,0.794556,0.238745,-0.914106,1.027629,1.376953,0.408069
0.094595,0.064390,0.351763,0.312808,-0.858999,1.454386,1.158984,0.334944
0.959878,0.011157,0.112964,0.271919,-0.756519,0.911580,0.978516,0.149172
0.761685,0.715522,0.194175,0.453989,-0.538989,0.651408,1.305859,0.436412
0.041421,0.425444,0.161304,0.772612,-0.011118,1.430054,0.835547,0.287474
0.928940,0.375298,0.010483,0.360640,-0.555425,1.952271,0.701953,0.152819
0.795522,0.622173,0.501616,0.663833,-0.366899,0.731893,0.856641,0.182482
0.810024,0.334409,0.315991,0.190142,-0.338862,1.740763,1.223047,0.405287
0.595396,0.145396,0.938608,0.012700,-0.794224,1.710815,0.957422,0.077538
0.446509,0.103735,0.711411,0.419272,-0.388169,0.905965,0.738672,0.090182
0.844829,0.046646,0.789722,0.667690,-0.917007,1.873657,0.619922,0.103754
0.434907,0.794985,0.454243,0.013472,-0.104897,1.508667,0.947266,0.190550
0.848696,0.420044,0.037554,0.281948,-0.536089,0.868530,0.623828,0.042127
0.841929,0.190142,0.535454,0.011157,-0.937310,1.516154,0.605078,0.021635
0.254116,0.650718,0.699810,0.139224,-0.520620,0.252726,1.169922,0.188994
0.994683,0.057446,0.246382,0.606743,-0.418140,0.351929,0.802734,0.074082
0.714312,0.619087,0.835161,0.335181,-0.285688,0.602743,0.662891,0.045129
0.466812,0.015015,0.377866,0.180112,-0.412339,1.978475,0.653516,0.046860
0.467778,0.775698,0.993716,0.476362,-0.864800,1.257853,0.761328,0.160672
0.357563,0.582056,0.247349,0.739438,-0.332095,1.579793,0.687109,0.198954
0.447476,0.693921,0.296655,0.052817,-0.987583,1.708944,1.301953,0.440684
0.899937,0.015786,0.159370,0.627573,-0.582495,1.985962,0.906641,0.238519
0.979214,0.655347,0.245415,0.619087,-0.220913,0.110474,0.710547,0.010143
0.709478,0.338267,0.322759,0.283491,-0.912173,1.001424,0.951953,0.181668
0.863198,0.263433,0.259917,0.019644,-0.160972,1.733276,1.197266,0.320024
0.439741,0.524194,0.878667,0.204028,-0.856099,0.574666,0.642578,0.027507
0.195142,0.598257,0.350796,0.160054,-0.548657,1.149292,1.058203,0.217187
0.249282,0.651489,0.458110,0.575884,-0.398804,1.115601,0.672266,0.126092
0.036587,0.472505,0.692075,0.675405,-0.667573,0.795532,0.986328,0.259374
0.516118,0.073647,0.084927,0.081362,-0.656938,0.728149,1.124609,0.173932
0.755884,0.106050,0.274419,0.075962,-0.834829,0.572795,1.133984,0.165631
0.440708,0.070562,0.561558,0.386099,-0.191909,1.261597,0.895703,0.174804
0.176772,0.474048,0.900903,0.149253,-0.040122,1.561076,0.694141,0.057278
0.164204,0.109136,0.576060,0.224858,-0.506118,0.709432,1.145703,0.233002
0.173872,0.754097,0.601196,0.674634,-0.353364,0.982707,1.191016,0.432274
0.481313,0.309722,0.129399,0.062847,-0.306958,1.766968,1.310547,0.412256
0.659204,0.115308,0.944409,0.042788,-0.762319,0.969604,1.325391,0.327180
0.737515,0.700864,0.921206,0.501050,-0.276987,0.265828,0.977734,0.131916
0.098462,0.632974,0.314058,0.117622,-0.530288,0.743123,1.155078,0.218310
0.545122,0.156196,0.792622,0.426216,-0.940210,0.593384,1.237891,0.315983
0.664038,0.670005,0.171938,0.158511,-0.615366,1.173625,1.342578,0.474883
0.097495,0.649175,0.298589,0.713979,-0.340796,1.810018,0.927734,0.367194
0.872866,0.239517,0.031753,0.031987,-0.163872,1.566691,0.605859,0.022377
0.459077,0.687749,0.574126,0.443960,-0.519653,1.620972,0.647266,0.138769
0.421372,0.167769,0.797456,0.085991,-0.576694,1.615356,1.082422,0.171801
0.341128,0.021187,0.929907,0.356011,-0.773921,0.799276,1.162891,0.258047
0.840962,0.502593,0.403970,0.220229,-0.855132,1.182983,1.390234,0.498499
0.292788,0.116851,0.884468,0.760269,-0.591196,0.280802,1.354297,0.419562
0.487114,0.639917,0.133267,0.218687,-0.035288,0.934041,1.003516,0.210968
0.337261,0.296606,0.565425,0.595171,-0.014985,0.097371,0.610547,0.001428
0.619565,0.352153,0.642769,0.221001,-0.431675,0.464233,0.956641,0.105131
0.858364,0.166997,0.882534,0.134595,-0.446177,1.465617,1.136328,0.236995
0.797456,0.391499,0.387534,0.473276,-0.967280,1.564819,1.038672,0.326782
0.603130,0.776470,0.215444,0.099878,-0.614399,1.351440,0.601953,0.063416
0.666938,0.514937,0.199976,0.482534,-0.891870,1.851196,0.658984,0.159494
0.624399,0.290435,0.598296,0.414644,-0.954712,1.119344,1.109766,0.296064
0.351763,0.411558,0.979214,0.267290,-0.094263,1.750122,1.355859,0.503836
0.503550,0.128423,0.752983,0.055903,-0.633735,0.132935,1.060547,0.069535
0.364331,0.380698,0.238647,0.411558,-0.911206,1.280314,0.876172,0.201478
0.267651,0.283491,0.583794,0.153882,-0.644370,0.580282,0.608984,0.011532
0.513218,0.042788,0.470679,0.699321,-0.892837,0.636434,0.806641,0.135050
0.017251,0.011929,0.490981,0.719380,-0.470347,1.153035,0.851953,0.243712
0.352729,0.430845,0.216411,0.083677,-0.887036,1.231649,0.808203,0.078300
0.884468,0.117622,0.472612,0.630659,-0.282788,1.299032,1.094141,0.340591
0.592495,0.072876,0.358530,0.388413,-0.284722,0.479207,1.051953,0.190583
0.891235,0.788042,0.015317,0.579741,-0.561226,0.374390,0.685547,0.047780
0.064624,0.723237,0.599263,0.594399,-0.663706,1.372030,1.271484,0.497312
0.354663,0.099106,0.239614,0.437788,-0.095229,0.776815,1.317578,0.439382
0.217378,0.769526,0.864165,0.666147,-0.754585,0.643921,1.204297,0.366010
0.838062,0.058989,0.977280,0.402300,-0.136802,0.780558,1.262891,0.359607
0.862231,0.189370,0.785854,0.254946,-0.287622,0.750610,1.070703,0.197162
0.694976,0.026587,0.717212,0.366812,-0.804858,1.577922,1.304297,0.379958
0.744282,0.139995,0.548989,0.513394,-0.283755,1.864299,0.819922,0.189844
0.269585,0.225630,0.026919,0.271147,-0.838696,1.111857,0.924609,0.169951
0.110063,0.636060,0.569292,0.574341,-0.213179,1.617228,0.987891,0.342744
0.371099,0.227944,0.696909,0.082134,-0.871567,0.350057,0.671484,0.004596
0.262817,0.741753,0.511284,0.456304,-0.133901,0.932170,1.216016,0.404291
0.445542,0.095249,0.519985,0.420815,-0.944077,1.830607,1.365234,0.487152
0.409771,0.756411,0.218345,0.610601,-0.627935,1.141805,1.348047,0.573291
0.189341,0.111450,0.452310,0.311265,-0.067192,0.915324,1.026172,0.215058
0.915405,0.163140,0.020151,0.626802,-0.554458,0.406209,1.018359,0.197804
0.590562,0.082134,0.784888,0.636831,-0.606665,0.310750,1.027734,0.180070
0.116831,0.700093,0.232847,0.504907,-0.882202,1.484334,1.333984,0.559664
0.866099,0.579741,0.898003,0.514165,-0.587329,0.473592,0.713672,0.065321
0.410737,0.146167,0.592495,0.413101,-0.295356,0.394979,0.857422,0.084014
0.676606,0.404614,0.522886,0.569712,-0.508052,0.501668,0.886328,0.140897
0.077192,0.112993,0.934741,0.244917,-0.166772,1.748250,1.156641,0.298712
0.311157,0.169312,0.688208,0.457847,-0.362065,0.307007,0.786328,0.051944
0.026919,0.138452,0.197075,0.310493,-0.154204,0.088013,1.022266,0.078220
0.312124,0.109907,0.413638,0.036616,-0.974048,0.658895,1.047266,0.080686
0.355630,0.533452,0.309224,0.649175,-0.950845,1.839966,1.335547,0.620518
0.228013,0.748696,0.602163,0.690063,-0.707212,0.271444,0.719922,0.050159
0.925073,0.515708,0.180640,0.264976,-0.390103,0.456746,1.314453,0.370790
0.416538,0.676177,0.765552,0.040474,-0.829028,0.172241,0.937109,0.018807
0.829360,0.593628,0.461011,0.298921,-0.499351,1.297160,1.389453,0.548599
0.279253,0.663062,0.455210,0.069019,-0.791323,1.931681,1.327734,0.433637
0.448442,0.065161,0.932808,0.332866,-0.819360,0.619588,0.778516,0.069614
0.847729,0.494106,0.508384,0.369897,-0.361099,1.918579,0.616797,0.125668
0.344028,0.665376,0.810024,0.528823,-0.820327,1.875529,0.996484,0.330166
0.251216,0.265747,0.155503,0.796528,-0.715913,0.522257,1.246484,0.413771
0.520952,0.624487,0.851597,0.076733,-0.634702,0.744995,1.229297,0.271506
0.763618,0.176255,0.906704,0.767212,-0.021753,1.811890,1.097266,0.408682
0.880601,0.069019,0.531587,0.373755,-0.929575,1.196086,0.899609,0.151768
0.752017,0.054360,0.589595,0.342896,-0.321460,0.746867,1.381641,0.442269
0.607964,0.323608,0.134233,0.538853,-0.672407,1.091268,0.765234,0.148040
0.180640,0.123022,0.577993,0.092935,-0.636636,0.533488,1.146484,0.170147
0.442642,0.574341,0.971479,0.325923,-0.723647,0.175985,1.194141,0.220129
0.957944,0.231802,0.055923,0.672319,-0.780688,1.718302,0.993359,0.332580
